{
  "ep_length_mean": [
    25.0,
    25.0
  ],
  "ep_length_mean_T": [
    25,
    10025
  ],
  "epsilon": [
    1.0,
    0.81
  ],
  "epsilon_T": [
    25,
    10025
  ],
  "grad_norm": [
    3.6108181476593018,
    4.571252822875977
  ],
  "grad_norm_T": [
    800,
    10800
  ],
  "loss": [
    0.9943684339523315,
    0.8344721794128418
  ],
  "loss_T": [
    800,
    10800
  ],
  "q_taken_mean": [
    0.02728915850321452,
    -0.06994944254557292
  ],
  "q_taken_mean_T": [
    800,
    10800
  ],
  "return_mean": [
    {
      "dtype": "float64",
      "py/object": "numpy.float64",
      "value": -564.5809270995819
    },
    {
      "dtype": "float64",
      "py/object": "numpy.float64",
      "value": -677.1791283019305
    }
  ],
  "return_mean_T": [
    25,
    10025
  ],
  "return_std": [
    {
      "dtype": "float64",
      "py/object": "numpy.float64",
      "value": 0.0
    },
    {
      "dtype": "float64",
      "py/object": "numpy.float64",
      "value": 138.64079095152752
    }
  ],
  "return_std_T": [
    25,
    10025
  ],
  "target_mean": [
    0.06202780405680339,
    -0.040499210357666016
  ],
  "target_mean_T": [
    800,
    10800
  ],
  "td_error_abs": [
    0.7768732452392578,
    0.7392645263671875
  ],
  "td_error_abs_T": [
    800,
    10800
  ],
  "test_ep_length_mean": [
    25.0
  ],
  "test_ep_length_mean_T": [
    25
  ],
  "test_return_mean": [
    {
      "dtype": "float64",
      "py/object": "numpy.float64",
      "value": -824.1360118108012
    }
  ],
  "test_return_mean_T": [
    25
  ],
  "test_return_std": [
    {
      "dtype": "float64",
      "py/object": "numpy.float64",
      "value": 214.91177381930362
    }
  ],
  "test_return_std_T": [
    25
  ]
}