{
  "ep_length_mean": [
    25.0,
    25.0,
    25.0,
    25.0,
    25.0,
    25.0,
    25.0,
    25.0,
    25.0,
    25.0,
    25.0,
    25.0,
    25.0,
    25.0,
    25.0,
    25.0
  ],
  "ep_length_mean_T": [
    25,
    10025,
    20025,
    30025,
    40025,
    50025,
    60025,
    70025,
    80025,
    90025,
    100025,
    110025,
    120025,
    130025,
    140025,
    150025
  ],
  "episode": [
    2000,
    4000,
    6000
  ],
  "episode_T": [
    50000,
    100000,
    150000
  ],
  "epsilon": [
    1.0,
    0.81,
    0.6200000000000001,
    0.43000000000000005,
    0.2400000000000001,
    0.050000000000000155,
    0.05,
    0.05,
    0.05,
    0.05,
    0.05,
    0.05,
    0.05,
    0.05,
    0.05,
    0.05
  ],
  "epsilon_T": [
    25,
    10025,
    20025,
    30025,
    40025,
    50025,
    60025,
    70025,
    80025,
    90025,
    100025,
    110025,
    120025,
    130025,
    140025,
    150025
  ],
  "grad_norm": [
    2.9695608615875244,
    8.189703941345215,
    10.898507118225098,
    31.309490203857422,
    32.073612213134766,
    32.38739013671875,
    28.546833038330078,
    40.13197326660156,
    40.7224006652832,
    35.97960662841797,
    44.0543327331543,
    25.696191787719727,
    52.78915023803711,
    26.59967041015625,
    43.22462844848633,
    30.78890037536621
  ],
  "grad_norm_T": [
    800,
    10800,
    20800,
    30800,
    40800,
    50800,
    60800,
    70800,
    80800,
    90800,
    100800,
    110800,
    120800,
    130800,
    140800,
    150800
  ],
  "loss": [
    1.078943133354187,
    1.0111104249954224,
    1.1381655931472778,
    1.5684154033660889,
    1.7818210124969482,
    2.654982328414917,
    2.352069616317749,
    3.552731990814209,
    3.5530359745025635,
    4.779996871948242,
    5.835623741149902,
    5.862432479858398,
    7.050632476806641,
    7.396689414978027,
    8.295495986938477,
    7.314767837524414
  ],
  "loss_T": [
    800,
    10800,
    20800,
    30800,
    40800,
    50800,
    60800,
    70800,
    80800,
    90800,
    100800,
    110800,
    120800,
    130800,
    140800,
    150800
  ],
  "q_taken_mean": [
    0.09437919616699218,
    0.14026883443196614,
    0.28036824544270833,
    0.691974843343099,
    1.2694126383463542,
    1.7061785888671874,
    1.8304730224609376,
    2.435419921875,
    2.5702754720052083,
    2.6741752115885418,
    2.43837890625,
    3.615461832682292,
    3.623155517578125,
    4.339027099609375,
    4.192286376953125,
    4.080760904947916
  ],
  "q_taken_mean_T": [
    800,
    10800,
    20800,
    30800,
    40800,
    50800,
    60800,
    70800,
    80800,
    90800,
    100800,
    110800,
    120800,
    130800,
    140800,
    150800
  ],
  "return_mean": [
    {
      "dtype": "float64",
      "py/object": "numpy.float64",
      "value": -660.3921667589735
    },
    {
      "dtype": "float64",
      "py/object": "numpy.float64",
      "value": -692.7722930320468
    },
    {
      "dtype": "float64",
      "py/object": "numpy.float64",
      "value": -634.0601761054899
    },
    {
      "dtype": "float64",
      "py/object": "numpy.float64",
      "value": -603.8017508130937
    },
    {
      "dtype": "float64",
      "py/object": "numpy.float64",
      "value": -583.4477432937342
    },
    {
      "dtype": "float64",
      "py/object": "numpy.float64",
      "value": -573.2477602803467
    },
    {
      "dtype": "float64",
      "py/object": "numpy.float64",
      "value": -588.2292269478514
    },
    {
      "dtype": "float64",
      "py/object": "numpy.float64",
      "value": -570.7261204712128
    },
    {
      "dtype": "float64",
      "py/object": "numpy.float64",
      "value": -569.0785232586021
    },
    {
      "dtype": "float64",
      "py/object": "numpy.float64",
      "value": -586.0037835017569
    },
    {
      "dtype": "float64",
      "py/object": "numpy.float64",
      "value": -570.367290216691
    },
    {
      "dtype": "float64",
      "py/object": "numpy.float64",
      "value": -570.8320738218886
    },
    {
      "dtype": "float64",
      "py/object": "numpy.float64",
      "value": -575.5853628639461
    },
    {
      "dtype": "float64",
      "py/object": "numpy.float64",
      "value": -571.1982662580596
    },
    {
      "dtype": "float64",
      "py/object": "numpy.float64",
      "value": -570.7824571530898
    },
    {
      "dtype": "float64",
      "py/object": "numpy.float64",
      "value": -568.2599302591959
    }
  ],
  "return_mean_T": [
    25,
    10025,
    20025,
    30025,
    40025,
    50025,
    60025,
    70025,
    80025,
    90025,
    100025,
    110025,
    120025,
    130025,
    140025,
    150025
  ],
  "return_std": [
    {
      "dtype": "float64",
      "py/object": "numpy.float64",
      "value": 0.0
    },
    {
      "dtype": "float64",
      "py/object": "numpy.float64",
      "value": 148.9950069602938
    },
    {
      "dtype": "float64",
      "py/object": "numpy.float64",
      "value": 121.54396162008037
    },
    {
      "dtype": "float64",
      "py/object": "numpy.float64",
      "value": 96.91211757986511
    },
    {
      "dtype": "float64",
      "py/object": "numpy.float64",
      "value": 95.04789259462332
    },
    {
      "dtype": "float64",
      "py/object": "numpy.float64",
      "value": 90.73626372358069
    },
    {
      "dtype": "float64",
      "py/object": "numpy.float64",
      "value": 94.36716195086662
    },
    {
      "dtype": "float64",
      "py/object": "numpy.float64",
      "value": 92.92742332871072
    },
    {
      "dtype": "float64",
      "py/object": "numpy.float64",
      "value": 90.91028927112183
    },
    {
      "dtype": "float64",
      "py/object": "numpy.float64",
      "value": 95.70631584450135
    },
    {
      "dtype": "float64",
      "py/object": "numpy.float64",
      "value": 84.47461504060074
    },
    {
      "dtype": "float64",
      "py/object": "numpy.float64",
      "value": 84.86916121148946
    },
    {
      "dtype": "float64",
      "py/object": "numpy.float64",
      "value": 82.30350012936583
    },
    {
      "dtype": "float64",
      "py/object": "numpy.float64",
      "value": 87.5353467026927
    },
    {
      "dtype": "float64",
      "py/object": "numpy.float64",
      "value": 80.44641118544983
    },
    {
      "dtype": "float64",
      "py/object": "numpy.float64",
      "value": 80.5687152871991
    }
  ],
  "return_std_T": [
    25,
    10025,
    20025,
    30025,
    40025,
    50025,
    60025,
    70025,
    80025,
    90025,
    100025,
    110025,
    120025,
    130025,
    140025,
    150025
  ],
  "target_mean": [
    0.18769444783528647,
    0.21496055603027345,
    0.42039685567220053,
    0.8683982340494791,
    1.4754588826497397,
    1.9053120930989584,
    1.9559930419921876,
    2.5985062662760416,
    2.7200077311197917,
    2.7704734293619793,
    2.5245817057291666,
    3.6884134928385417,
    3.7404496256510416,
    4.416627197265625,
    4.2815238444010415,
    4.12813720703125
  ],
  "target_mean_T": [
    800,
    10800,
    20800,
    30800,
    40800,
    50800,
    60800,
    70800,
    80800,
    90800,
    100800,
    110800,
    120800,
    130800,
    140800,
    150800
  ],
  "td_error_abs": [
    0.8625288391113282,
    0.8066836547851562,
    0.8868074035644531,
    0.985501937866211,
    1.030408935546875,
    1.1996212768554688,
    1.0437486267089844,
    1.2280038452148438,
    1.2184832763671876,
    1.3145826721191407,
    1.2676675415039063,
    1.3220132446289063,
    1.511881103515625,
    1.4444801330566406,
    1.5308358764648438,
    1.3956195068359376
  ],
  "td_error_abs_T": [
    800,
    10800,
    20800,
    30800,
    40800,
    50800,
    60800,
    70800,
    80800,
    90800,
    100800,
    110800,
    120800,
    130800,
    140800,
    150800
  ],
  "test_ep_length_mean": [
    25.0,
    25.0,
    25.0,
    25.0
  ],
  "test_ep_length_mean_T": [
    25,
    50025,
    100025,
    150025
  ],