{
  "ep_length_mean": [
    25.0,
    25.0,
    25.0,
    25.0,
    25.0,
    25.0,
    25.0,
    25.0,
    25.0,
    25.0,
    25.0,
    25.0,
    25.0,
    25.0,
    25.0,
    25.0,
    25.0
  ],
  "ep_length_mean_T": [
    25,
    1025,
    2025,
    3025,
    4025,
    5025,
    6025,
    7025,
    8025,
    9025,
    10025,
    11025,
    12025,
    13025,
    14025,
    15025,
    16025
  ],
  "episode": [
    20,
    40,
    60,
    80,
    100,
    120,
    140,
    160,
    180,
    200,
    220,
    240,
    260,
    280,
    300,
    320,
    340,
    360,
    380,
    400,
    420,
    440,
    460,
    480,
    500,
    520,
    540,
    560,
    580,
    600,
    620,
    640,
    660
  ],
  "episode_T": [
    500,
    1000,
    1500,
    2000,
    2500,
    3000,
    3500,
    4000,
    4500,
    5000,
    5500,
    6000,
    6500,
    7000,
    7500,
    8000,
    8500,
    9000,
    9500,
    10000,
    10500,
    11000,
    11500,
    12000,
    12500,
    13000,
    13500,
    14000,
    14500,
    15000,
    15500,
    16000,
    16500
  ],
  "epsilon": [
    1.0,
    0.981,
    0.962,
    0.9430000000000001,
    0.924,
    0.905,
    0.886,
    0.867,
    0.8480000000000001,
    0.829,
    0.81,
    0.791,
    0.772,
    0.753,
    0.734,
    0.7150000000000001,
    0.6960000000000001
  ],
  "epsilon_T": [
    25,
    1025,
    2025,
    3025,
    4025,
    5025,
    6025,
    7025,
    8025,
    9025,
    10025,
    11025,
    12025,
    13025,
    14025,
    15025,
    16025
  ],
  "grad_norm": [
    3.3381786346435547,
    1.6953914165496826,
    1.5618443489074707,
    1.1226609945297241,
    2.652068614959717,
    4.330912113189697,
    3.7999231815338135,
    3.415623426437378,
    1.7368826866149902,
    1.780090570449829,
    4.963251113891602,
    8.199474334716797,
    5.471696376800537,
    6.384235382080078,
    3.7469139099121094,
    13.964767456054688
  ],
  "grad_norm_T": [
    800,
    1800,
    2800,
    3800,
    4800,
    5800,
    6800,
    7800,
    8800,
    9800,
    10800,
    11800,
    12800,
    13800,
    14800,
    15800
  ],
  "loss": [
    1.0171090364456177,
    0.40541040897369385,
    0.3038104772567749,
    0.2274257093667984,
    0.39684268832206726,
    1.0888218879699707,
    0.4968893527984619,
    0.29422640800476074,
    0.2464984506368637,
    0.23338916897773743,
    0.771064817905426,
    0.5836554169654846,
    0.5169650912284851,
    0.43601807951927185,
    0.30340272188186646,
    1.238845944404602
  ],
  "loss_T": [
    800,
    1800,
    2800,
    3800,
    4800,
    5800,
    6800,
    7800,
    8800,
    9800,
    10800,
    11800,
    12800,
    13800,
    14800,
    15800
  ],
  "q_taken_mean": [
    -0.09138893127441407,
    -0.08339410781860351,
    -0.016168012619018554,
    0.018501787185668944,
    0.004477771123250326,
    -0.048424084981282554,
    0.04254961649576823,
    0.06496969858805339,
    0.16361124674479166,
    0.030014457702636718,
    0.11272782643636067,
    0.2328521982828776,
    -0.11188916524251302,
    0.3092608133951823,
    0.33527435302734376,
    0.4957779947916667
  ],
  "q_taken_mean_T": [
    800,
    1800,
    2800,
    3800,
    4800,
    5800,
    6800,
    7800,
    8800,
    9800,
    10800,
    11800,
    12800,
    13800,
    14800,
    15800
  ],
  "return_mean": [
    {
      "dtype": "float64",
      "py/object": "numpy.float64",
      "value": -624.1895806856647
    },
    {
      "dtype": "float64",
      "py/object": "numpy.float64",
      "value": -722.139390377202
    },
    {
      "dtype": "float64",
      "py/object": "numpy.float64",
      "value": -714.4511378978222
    },
    {
      "dtype": "float64",
      "py/object": "numpy.float64",
      "value": -680.2867458292287
    },
    {
      "dtype": "float64",
      "py/object": "numpy.float64",
      "value": -679.8105503769663
    },
    {
      "dtype": "float64",
      "py/object": "numpy.float64",
      "value": -706.8353576950732
    },
    {
      "dtype": "float64",
      "py/object": "numpy.float64",
      "value": -691.2161739620957
    },
    {
      "dtype": "float64",
      "py/object": "numpy.float64",
      "value": -676.4223976751762
    },
    {
      "dtype": "float64",
      "py/object": "numpy.float64",
      "value": -666.888489994682
    },
    {
      "dtype": "float64",
      "py/object": "numpy.float64",
      "value": -683.8036243327421
    },
    {
      "dtype": "float64",
      "py/object": "numpy.float64",
      "value": -655.4259274643191
    },
    {
      "dtype": "float64",
      "py/object": "numpy.float64",
      "value": -642.8169954394859
    },
    {
      "dtype": "float64",
      "py/object": "numpy.float64",
      "value": -685.852986735554
    },
    {
      "dtype": "float64",
      "py/object": "numpy.float64",
      "value": -644.6709238947636
    },
    {
      "dtype": "float64",
      "py/object": "numpy.float64",
      "value": -672.8956501208393
    },
    {
      "dtype": "float64",
      "py/object": "numpy.float64",
      "value": -640.3605982111563
    },
    {
      "dtype": "float64",
      "py/object": "numpy.float64",
      "value": -650.4610843331627
    }
  ],
  "return_mean_T": [
    25,
    1025,
    2025,
    3025,
    4025,
    5025,
    6025,
    7025,
    8025,
    9025,
    10025,
    11025,
    12025,
    13025,
    14025,
    15025,
    16025
  ],
  "return_std": [
    {
      "dtype": "float64",
      "py/object": "numpy.float64",
      "value": 0.0
    },
    {
      "dtype": "float64",
      "py/object": "numpy.float64",
      "value": 144.4071699932542
    },
    {
      "dtype": "float64",
      "py/object": "numpy.float64",
      "value": 154.8862175388845
    },
    {
      "dtype": "float64",
      "py/object": "numpy.float64",
      "value": 101.30358384582246
    },
    {
      "dtype": "float64",
      "py/object": "numpy.float64",
      "value": 107.86574152629797
    },
    {
      "dtype": "float64",
      "py/object": "numpy.float64",
      "value": 153.38574818555136
    },
    {
      "dtype": "float64",
      "py/object": "numpy.float64",
      "value": 157.69111477126285
    },
    {
      "dtype": "float64",
      "py/object": "numpy.float64",
      "value": 116.76258233369315
    },
    {
      "dtype": "float64",
      "py/object": "numpy.float64",
      "value": 132.75961083903425
    },
    {
      "dtype": "float64",
      "py/object": "numpy.float64",
      "value": 98.50964256400805
    },
    {
      "dtype": "float64",
      "py/object": "numpy.float64",
      "value": 124.48354252946828
    },
    {
      "dtype": "float64",
      "py/object": "numpy.float64",
      "value": 116.67445138221132
    },
    {
      "dtype": "float64",
      "py/object": "numpy.float64",
      "value": 104.83105616750888
    },
    {
      "dtype": "float64",
      "py/object": "numpy.float64",
      "value": 102.63100192382878
    },
    {
      "dtype": "float64",
      "py/object": "numpy.float64",
      "value": 97.31885433120684
    },
    {
      "dtype": "float64",
      "py/object": "numpy.float64",
      "value": 104.02236626196195
    },
    {
      "dtype": "float64",
      "py/object": "numpy.float64",
      "value": 102.81802400395479
    }
  ],
  "return_std_T": [
    25,
    1025,
    2025,
    3025,
    4025,
    5025,
    6025,
    7025,
    8025,
    9025,
    10025,
    11025,
    12025,
    13025,
    14025,
    15025,
    16025
  ],
  "target_mean": [
    -0.03520109494527181,
    -0.10717955271402994,
    0.01882860501607259,
    0.03222082138061524,
    0.022327750523885092,
    -0.04429313659667969,
    0.07927151997884115,
    0.023251387278238934,
    0.1966474405924479,
    0.044514312744140624,
    0.22799392700195312,
    0.15397003173828125,
    -0.11284847259521484,
    0.3610323842366536,
    0.39092196146647135,
    0.7589704386393229
  ],